direction,total_deviation
down-left,0.0
down-right,0.0
up-left,0.0
up-right,0.0
up,0.06450822513013288
left,0.22066374944872513
right,0.23980405719560138
down,0.5432445512528067
